sort_type,list_length,case,run_time,number_of_repeats,date_time
merge_sort,16,sorted_case,4.899283359999913e-05,1,2020-11-30 11:47:18.930003
merge_sort,16,sorted_case,4.891844639999761e-05,2,2020-11-30 11:47:18.930291
merge_sort,16,sorted_case,4.8951033599999505e-05,3,2020-11-30 11:47:18.930380
combined_sort,16,sorted_case,3.253222149999999e-05,1,2020-11-30 11:47:20.523297
combined_sort,16,sorted_case,3.2616040400000654e-05,2,2020-11-30 11:47:20.523595
combined_sort,16,sorted_case,3.275748359999966e-05,3,2020-11-30 11:47:20.523685
quick_sort,16,sorted_case,2.4949095799999553e-05,1,2020-11-30 11:47:21.728642
quick_sort,16,sorted_case,2.441726779999982e-05,2,2020-11-30 11:47:21.729023
quick_sort,16,sorted_case,2.4917696599999318e-05,3,2020-11-30 11:47:21.729136
numpy_sort,16,sorted_case,1.3948434849999814e-05,1,2020-11-30 11:47:23.217467
numpy_sort,16,sorted_case,1.4118397349999867e-05,2,2020-11-30 11:47:23.217786
numpy_sort,16,sorted_case,1.4109488100000078e-05,3,2020-11-30 11:47:23.217866
python_sort,16,sorted_case,1.7332361749999592e-06,1,2020-11-30 11:47:24.937826
python_sort,16,sorted_case,1.7472574349999804e-06,2,2020-11-30 11:47:24.938144
python_sort,16,sorted_case,1.7285507300000092e-06,3,2020-11-30 11:47:24.938225
insertion_sort,16,sorted_case,1.1553451000000337e-05,1,2020-11-30 11:47:25.951837
insertion_sort,16,sorted_case,1.1429742549999845e-05,2,2020-11-30 11:47:25.952128
insertion_sort,16,sorted_case,9.847824099999514e-06,3,2020-11-30 11:47:25.952252
bubble_sort,16,sorted_case,6.620107859999962e-05,1,2020-11-30 11:47:27.668604
bubble_sort,16,sorted_case,5.552135959999873e-05,2,2020-11-30 11:47:27.668933
bubble_sort,16,sorted_case,5.508177239999839e-05,3,2020-11-30 11:47:27.669044
merge_sort,32,sorted_case,0.00011339482449999849,1,2020-11-30 11:47:28.794337
merge_sort,32,sorted_case,0.00011334574949999876,2,2020-11-30 11:47:28.794637
merge_sort,32,sorted_case,0.00011248528700000549,3,2020-11-30 11:47:28.794726
combined_sort,32,sorted_case,8.382899540000039e-05,1,2020-11-30 11:47:30.786948
combined_sort,32,sorted_case,8.464668640000071e-05,2,2020-11-30 11:47:30.787225
combined_sort,32,sorted_case,8.479841620000172e-05,3,2020-11-30 11:47:30.787315
quick_sort,32,sorted_case,5.636183919999951e-05,1,2020-11-30 11:47:32.134188
quick_sort,32,sorted_case,5.648302660000013e-05,2,2020-11-30 11:47:32.134483
quick_sort,32,sorted_case,5.6480770400000326e-05,3,2020-11-30 11:47:32.134563
numpy_sort,32,sorted_case,1.6284177099999652e-05,1,2020-11-30 11:47:33.736015
numpy_sort,32,sorted_case,1.616038174999943e-05,2,2020-11-30 11:47:33.736302
numpy_sort,32,sorted_case,1.6209184099999873e-05,3,2020-11-30 11:47:33.736392
python_sort,32,sorted_case,2.6016986800000554e-06,1,2020-11-30 11:47:35.068165
python_sort,32,sorted_case,2.8442124000000037e-06,2,2020-11-30 11:47:35.068592
python_sort,32,sorted_case,2.8754908400000547e-06,3,2020-11-30 11:47:35.068684
insertion_sort,32,sorted_case,1.1357198849999861e-05,1,2020-11-30 11:47:36.198053
insertion_sort,32,sorted_case,1.1297507249999939e-05,2,2020-11-30 11:47:36.198375
insertion_sort,32,sorted_case,1.1257521400000314e-05,3,2020-11-30 11:47:36.198463
bubble_sort,32,sorted_case,0.00020548803799999858,1,2020-11-30 11:47:37.205426
bubble_sort,32,sorted_case,0.0002055173090000011,2,2020-11-30 11:47:37.205782
bubble_sort,32,sorted_case,0.00020638145399999531,3,2020-11-30 11:47:37.205874
merge_sort,64,sorted_case,0.00025047240700000375,1,2020-11-30 11:47:38.433052
merge_sort,64,sorted_case,0.0002506702200000035,2,2020-11-30 11:47:38.433384
merge_sort,64,sorted_case,0.00025062171700000133,3,2020-11-30 11:47:38.433474
combined_sort,64,sorted_case,0.0001857406315000034,1,2020-11-30 11:47:40.273404
combined_sort,64,sorted_case,0.00018573731600000088,2,2020-11-30 11:47:40.273726
combined_sort,64,sorted_case,0.0001868793370000006,3,2020-11-30 11:47:40.273815
quick_sort,64,sorted_case,0.0001286437394999993,1,2020-11-30 11:47:41.545370
quick_sort,64,sorted_case,0.00012834186599999952,2,2020-11-30 11:47:41.545678
quick_sort,64,sorted_case,0.0001285027449999987,3,2020-11-30 11:47:41.545766
numpy_sort,64,sorted_case,2.1010231099999997e-05,1,2020-11-30 11:47:42.574696
numpy_sort,64,sorted_case,2.105474290000018e-05,2,2020-11-30 11:47:42.575007
numpy_sort,64,sorted_case,2.1013127999999882e-05,3,2020-11-30 11:47:42.575089
python_sort,64,sorted_case,4.325425579999944e-06,1,2020-11-30 11:47:43.610812
python_sort,64,sorted_case,4.323717500000157e-06,2,2020-11-30 11:47:43.611149
python_sort,64,sorted_case,4.330325699999946e-06,3,2020-11-30 11:47:43.611229
insertion_sort,64,sorted_case,2.1611739499999773e-05,1,2020-11-30 11:47:44.669281
insertion_sort,64,sorted_case,2.160608289999999e-05,2,2020-11-30 11:47:44.669602
insertion_sort,64,sorted_case,2.16511042999997e-05,3,2020-11-30 11:47:44.669689
bubble_sort,64,sorted_case,0.0008111243860000172,1,2020-11-30 11:47:46.607072
bubble_sort,64,sorted_case,0.0008097567160000096,2,2020-11-30 11:47:46.607434
bubble_sort,64,sorted_case,0.0008101384839999923,3,2020-11-30 11:47:46.607522
merge_sort,128,sorted_case,0.000550761389999991,1,2020-11-30 11:47:47.925948
merge_sort,128,sorted_case,0.0005520411059999901,2,2020-11-30 11:47:47.926275
merge_sort,128,sorted_case,0.0005510222899999917,3,2020-11-30 11:47:47.926363
combined_sort,128,sorted_case,0.0004236576540000101,1,2020-11-30 11:47:48.937383
combined_sort,128,sorted_case,0.0004244384680000053,2,2020-11-30 11:47:48.937698
combined_sort,128,sorted_case,0.0004238824659999807,3,2020-11-30 11:47:48.937778
quick_sort,128,sorted_case,0.0002954730550000022,1,2020-11-30 11:47:50.382337
quick_sort,128,sorted_case,0.0002957999439999952,2,2020-11-30 11:47:50.382725
quick_sort,128,sorted_case,0.0002937899570000013,3,2020-11-30 11:47:50.382841
numpy_sort,128,sorted_case,3.248002750000012e-05,1,2020-11-30 11:47:51.946426
numpy_sort,128,sorted_case,3.186004440000119e-05,2,2020-11-30 11:47:51.946768
numpy_sort,128,sorted_case,3.187682330000001e-05,3,2020-11-30 11:47:51.948325
python_sort,128,sorted_case,8.683026520000112e-06,1,2020-11-30 11:47:54.108744
python_sort,128,sorted_case,8.688407640000264e-06,2,2020-11-30 11:47:54.109205
python_sort,128,sorted_case,1.1443525519999867e-05,3,2020-11-30 11:47:54.109327
insertion_sort,128,sorted_case,5.012623860000076e-05,1,2020-11-30 11:47:55.376758
insertion_sort,128,sorted_case,3.967141940000261e-05,2,2020-11-30 11:47:55.377067
insertion_sort,128,sorted_case,3.86618110000029e-05,3,2020-11-30 11:47:55.377144
bubble_sort,128,sorted_case,0.002923023450000244,1,2020-11-30 11:47:56.802652
bubble_sort,128,sorted_case,0.0029097233500002062,2,2020-11-30 11:47:56.802848
bubble_sort,128,sorted_case,0.002921397359999958,3,2020-11-30 11:47:56.802924
merge_sort,256,sorted_case,0.0010982626200001276,1,2020-11-30 11:47:57.888943
merge_sort,256,sorted_case,0.0010995976050000422,2,2020-11-30 11:47:57.889163
merge_sort,256,sorted_case,0.0010997398150000492,3,2020-11-30 11:47:57.890799
combined_sort,256,sorted_case,0.000881613333999951,1,2020-11-30 11:48:00.014472
combined_sort,256,sorted_case,0.0008799112259999901,2,2020-11-30 11:48:00.014759
combined_sort,256,sorted_case,0.0008927909880000015,3,2020-11-30 11:48:00.014836
quick_sort,256,sorted_case,0.0006061915700000213,1,2020-11-30 11:48:01.464867
quick_sort,256,sorted_case,0.0006069281439999941,2,2020-11-30 11:48:01.465116
quick_sort,256,sorted_case,0.0006059959400000139,3,2020-11-30 11:48:01.465193
numpy_sort,256,sorted_case,4.6588879399996584e-05,1,2020-11-30 11:48:02.577508
numpy_sort,256,sorted_case,4.6538753999999475e-05,2,2020-11-30 11:48:02.577620
numpy_sort,256,sorted_case,4.646550919999868e-05,3,2020-11-30 11:48:02.577696
python_sort,256,sorted_case,1.325209845000046e-05,1,2020-11-30 11:48:03.895159
python_sort,256,sorted_case,1.3607600850001234e-05,2,2020-11-30 11:48:03.895414
python_sort,256,sorted_case,1.328716419999978e-05,3,2020-11-30 11:48:03.895501
insertion_sort,256,sorted_case,7.648817740000027e-05,1,2020-11-30 11:48:05.724423
insertion_sort,256,sorted_case,7.740898939999852e-05,2,2020-11-30 11:48:05.724707
insertion_sort,256,sorted_case,7.648502179999923e-05,3,2020-11-30 11:48:05.724782
bubble_sort,256,sorted_case,0.011654505299999585,1,2020-11-30 11:48:06.870811
bubble_sort,256,sorted_case,0.011673996950000287,2,2020-11-30 11:48:06.870970
bubble_sort,256,sorted_case,0.01169378094999871,3,2020-11-30 11:48:06.871072
merge_sort,512,sorted_case,0.002424209289999908,1,2020-11-30 11:48:08.052283
merge_sort,512,sorted_case,0.002422754110000085,2,2020-11-30 11:48:08.052451
merge_sort,512,sorted_case,0.002420463039999845,3,2020-11-30 11:48:08.052535
combined_sort,512,sorted_case,0.001993395715000048,1,2020-11-30 11:48:10.034514
combined_sort,512,sorted_case,0.0019992440649998855,2,2020-11-30 11:48:10.034807
combined_sort,512,sorted_case,0.0020444533349999005,3,2020-11-30 11:48:10.034883
quick_sort,512,sorted_case,0.001368139974999991,1,2020-11-30 11:48:11.384885
quick_sort,512,sorted_case,0.0013634891249999725,2,2020-11-30 11:48:11.385015
quick_sort,512,sorted_case,0.0013642934650000883,3,2020-11-30 11:48:11.385091
numpy_sort,512,sorted_case,8.242150080000101e-05,1,2020-11-30 11:48:13.350450
numpy_sort,512,sorted_case,8.192979620000074e-05,2,2020-11-30 11:48:13.350615
numpy_sort,512,sorted_case,8.210166879999861e-05,3,2020-11-30 11:48:13.350690
python_sort,512,sorted_case,2.5857606200000306e-05,1,2020-11-30 11:48:14.615347
python_sort,512,sorted_case,2.5864498700002513e-05,2,2020-11-30 11:48:14.615456
python_sort,512,sorted_case,2.5845111800001064e-05,3,2020-11-30 11:48:14.615532
insertion_sort,512,sorted_case,0.00017281153899999425,1,2020-11-30 11:48:16.355579
insertion_sort,512,sorted_case,0.0001770852120000086,2,2020-11-30 11:48:16.355839
insertion_sort,512,sorted_case,0.00017695609649999254,3,2020-11-30 11:48:16.355914
bubble_sort,512,sorted_case,0.04971752120000019,1,2020-11-30 11:48:17.486305
bubble_sort,512,sorted_case,0.04832609540000021,2,2020-11-30 11:48:17.486416
bubble_sort,512,sorted_case,0.04816801279999936,3,2020-11-30 11:48:17.486491
merge_sort,1024,sorted_case,0.005202062820000037,1,2020-11-30 11:48:18.728468
merge_sort,1024,sorted_case,0.005207453379999834,2,2020-11-30 11:48:18.728589
merge_sort,1024,sorted_case,0.005217881739999939,3,2020-11-30 11:48:18.728663
combined_sort,1024,sorted_case,0.004453137820000279,1,2020-11-30 11:48:19.795388
combined_sort,1024,sorted_case,0.004516687260000367,2,2020-11-30 11:48:19.795563
combined_sort,1024,sorted_case,0.004537033320000319,3,2020-11-30 11:48:19.795638
quick_sort,1024,sorted_case,0.0029893400599999608,1,2020-11-30 11:48:21.259761
quick_sort,1024,sorted_case,0.0029877097400000706,2,2020-11-30 11:48:21.260034
quick_sort,1024,sorted_case,0.002980625749999888,3,2020-11-30 11:48:21.260119
numpy_sort,1024,sorted_case,0.00015358954149999703,1,2020-11-30 11:48:22.780785
numpy_sort,1024,sorted_case,0.0001537695060000033,2,2020-11-30 11:48:22.780894
numpy_sort,1024,sorted_case,0.000153994443000002,3,2020-11-30 11:48:22.780969
python_sort,1024,sorted_case,5.1635282799998096e-05,1,2020-11-30 11:48:24.015256
python_sort,1024,sorted_case,5.167470299999763e-05,2,2020-11-30 11:48:24.015376
python_sort,1024,sorted_case,5.159597079999685e-05,3,2020-11-30 11:48:24.015451
insertion_sort,1024,sorted_case,0.0003484600740000019,1,2020-11-30 11:48:25.709189
insertion_sort,1024,sorted_case,0.00034437915899999895,2,2020-11-30 11:48:25.709476
insertion_sort,1024,sorted_case,0.00034453620499999717,3,2020-11-30 11:48:25.709553
bubble_sort,1024,sorted_case,0.1942237030000058,1,2020-11-30 11:48:27.459952
bubble_sort,1024,sorted_case,0.19424660699999663,2,2020-11-30 11:48:27.460205
bubble_sort,1024,sorted_case,0.19370376599999872,3,2020-11-30 11:48:27.460281
merge_sort,2048,sorted_case,0.011410182199999497,1,2020-11-30 11:48:28.582467
merge_sort,2048,sorted_case,0.011420317300000704,2,2020-11-30 11:48:28.582600
merge_sort,2048,sorted_case,0.01141923909999889,3,2020-11-30 11:48:28.582684
combined_sort,2048,sorted_case,0.009975135500000079,1,2020-11-30 11:48:30.971262
combined_sort,2048,sorted_case,0.010180233140000041,2,2020-11-30 11:48:30.971524
combined_sort,2048,sorted_case,0.01007398204000026,3,2020-11-30 11:48:30.971600
quick_sort,2048,sorted_case,0.006557903819999638,1,2020-11-30 11:48:32.548095
quick_sort,2048,sorted_case,0.006552730100000304,2,2020-11-30 11:48:32.548352
quick_sort,2048,sorted_case,0.006556228300000271,3,2020-11-30 11:48:32.548439
numpy_sort,2048,sorted_case,0.00030253475600000004,1,2020-11-30 11:48:34.028093
numpy_sort,2048,sorted_case,0.0003020617909999999,2,2020-11-30 11:48:34.028261
numpy_sort,2048,sorted_case,0.00030314020800000207,3,2020-11-30 11:48:34.030077
python_sort,2048,sorted_case,0.00010707566699998949,1,2020-11-30 11:48:35.096068
python_sort,2048,sorted_case,0.00010719867599999589,2,2020-11-30 11:48:35.096367
python_sort,2048,sorted_case,0.00010876138349999565,3,2020-11-30 11:48:35.096443
insertion_sort,2048,sorted_case,0.0007439785260000349,1,2020-11-30 11:48:36.934027
insertion_sort,2048,sorted_case,0.0007815537920000111,2,2020-11-30 11:48:36.934130
insertion_sort,2048,sorted_case,0.0007833077800000296,3,2020-11-30 11:48:36.934204
bubble_sort,2048,sorted_case,0.8133455460000221,1,2020-11-30 11:48:40.160437
bubble_sort,2048,sorted_case,0.796750975000009,2,2020-11-30 11:48:40.160737
bubble_sort,2048,sorted_case,0.8021257999999989,3,2020-11-30 11:48:40.162394
merge_sort,4096,sorted_case,0.024695370999998544,1,2020-11-30 11:48:41.350408
merge_sort,4096,sorted_case,0.024664161900000182,2,2020-11-30 11:48:41.350536
merge_sort,4096,sorted_case,0.024665745999999444,3,2020-11-30 11:48:41.350611
combined_sort,4096,sorted_case,0.02146863820000249,1,2020-11-30 11:48:42.386260
combined_sort,4096,sorted_case,0.021742772400000377,2,2020-11-30 11:48:42.386363
combined_sort,4096,sorted_case,0.021814003800000138,3,2020-11-30 11:48:42.386437
quick_sort,4096,sorted_case,0.014463571900000716,1,2020-11-30 11:48:43.802916
quick_sort,4096,sorted_case,0.01443483974999964,2,2020-11-30 11:48:43.803104
quick_sort,4096,sorted_case,0.014448181599999544,3,2020-11-30 11:48:43.803187
numpy_sort,4096,sorted_case,0.0006019693199999665,1,2020-11-30 11:48:45.247956
numpy_sort,4096,sorted_case,0.0006033417200000031,2,2020-11-30 11:48:45.248247
numpy_sort,4096,sorted_case,0.0006097091639999803,3,2020-11-30 11:48:45.250655
python_sort,4096,sorted_case,0.00022150608499998725,1,2020-11-30 11:48:46.334584
python_sort,4096,sorted_case,0.00022120501900002408,2,2020-11-30 11:48:46.334696
python_sort,4096,sorted_case,0.00022085289099999273,3,2020-11-30 11:48:46.334771
insertion_sort,4096,sorted_case,0.001423474994999907,1,2020-11-30 11:48:47.740740
insertion_sort,4096,sorted_case,0.0014217021899999337,2,2020-11-30 11:48:47.740838
insertion_sort,4096,sorted_case,0.001421312014999927,3,2020-11-30 11:48:47.740921
bubble_sort,4096,sorted_case,3.150187764000009,1,2020-11-30 11:49:00.314589
bubble_sort,4096,sorted_case,3.142080671000002,2,2020-11-30 11:49:00.314957
bubble_sort,4096,sorted_case,3.1416240089999974,3,2020-11-30 11:49:00.315086
merge_sort,8192,sorted_case,0.05296339300000454,1,2020-11-30 11:49:01.541416
merge_sort,8192,sorted_case,0.053169051600002605,2,2020-11-30 11:49:01.541618
merge_sort,8192,sorted_case,0.05305095859999938,3,2020-11-30 11:49:01.541703
combined_sort,8192,sorted_case,0.04748397920000116,1,2020-11-30 11:49:02.634966
combined_sort,8192,sorted_case,0.04749876739999763,2,2020-11-30 11:49:02.635104
combined_sort,8192,sorted_case,0.0475502486000039,3,2020-11-30 11:49:02.635188
quick_sort,8192,sorted_case,0.03129403880000155,1,2020-11-30 11:49:04.140194
quick_sort,8192,sorted_case,0.031357169499997894,2,2020-11-30 11:49:04.140312
quick_sort,8192,sorted_case,0.03130697969999972,3,2020-11-30 11:49:04.140396
numpy_sort,8192,sorted_case,0.001285613849999976,1,2020-11-30 11:49:05.432233
numpy_sort,8192,sorted_case,0.0013968666549999398,2,2020-11-30 11:49:05.432517
numpy_sort,8192,sorted_case,0.0012820047200000318,3,2020-11-30 11:49:05.432598
python_sort,8192,sorted_case,0.0004710516920000032,1,2020-11-30 11:49:06.559106
python_sort,8192,sorted_case,0.0004716848720000257,2,2020-11-30 11:49:06.559215
python_sort,8192,sorted_case,0.00047109545200004274,3,2020-11-30 11:49:06.559299
insertion_sort,8192,sorted_case,0.003253944209999986,1,2020-11-30 11:49:08.105084
insertion_sort,8192,sorted_case,0.0030313065800001483,2,2020-11-30 11:49:08.105279
insertion_sort,8192,sorted_case,0.003040887009999835,3,2020-11-30 11:49:08.105367
bubble_sort,8192,sorted_case,13.287179742999996,1,2020-11-30 11:50:00.895854
bubble_sort,8192,sorted_case,13.085139163999997,2,2020-11-30 11:50:00.896242
bubble_sort,8192,sorted_case,13.094244477999979,3,2020-11-30 11:50:00.896328
merge_sort,16384,sorted_case,0.11366246500000443,1,2020-11-30 11:50:01.932844
merge_sort,16384,sorted_case,0.11364632049998136,2,2020-11-30 11:50:01.933076
merge_sort,16384,sorted_case,0.11374339300002134,3,2020-11-30 11:50:01.933158
combined_sort,16384,sorted_case,0.10113478849999069,1,2020-11-30 11:50:02.853424
combined_sort,16384,sorted_case,0.10271404200000234,2,2020-11-30 11:50:02.853555
combined_sort,16384,sorted_case,0.10282060549999983,3,2020-11-30 11:50:02.853639
quick_sort,16384,sorted_case,0.06849637120000125,1,2020-11-30 11:50:04.430908
quick_sort,16384,sorted_case,0.06858089239999572,2,2020-11-30 11:50:04.431082
quick_sort,16384,sorted_case,0.06855258960000583,3,2020-11-30 11:50:04.431167
numpy_sort,16384,sorted_case,0.0029403078000001413,1,2020-11-30 11:50:05.795553
numpy_sort,16384,sorted_case,0.0027564485599998532,2,2020-11-30 11:50:05.795824
numpy_sort,16384,sorted_case,0.0027559844099999966,3,2020-11-30 11:50:05.795909
python_sort,16384,sorted_case,0.0010264429100001848,1,2020-11-30 11:50:06.809855
python_sort,16384,sorted_case,0.0010247510249999437,2,2020-11-30 11:50:06.809994
python_sort,16384,sorted_case,0.0010254131300001744,3,2020-11-30 11:50:06.812485
insertion_sort,16384,sorted_case,0.005781923339999367,1,2020-11-30 11:50:08.192946
insertion_sort,16384,sorted_case,0.005795102480000196,2,2020-11-30 11:50:08.193166
insertion_sort,16384,sorted_case,0.005788177440000482,3,2020-11-30 11:50:08.193243
bubble_sort,16384,sorted_case,52.54361148099997,1,2020-11-30 11:53:39.695048
bubble_sort,16384,sorted_case,52.45308560199999,2,2020-11-30 11:53:39.695383
bubble_sort,16384,sorted_case,54.77130904500001,3,2020-11-30 11:53:39.695473
merge_sort,16,reverse_case,4.733144340000308e-05,1,2020-11-30 11:53:40.904409
merge_sort,16,reverse_case,4.7756128999992595e-05,2,2020-11-30 11:53:40.904677
merge_sort,16,reverse_case,4.7497194799996124e-05,3,2020-11-30 11:53:40.904763
combined_sort,16,reverse_case,4.668051080000168e-05,1,2020-11-30 11:53:42.022924
combined_sort,16,reverse_case,4.662550100000544e-05,2,2020-11-30 11:53:42.023215
combined_sort,16,reverse_case,4.69202408000001e-05,3,2020-11-30 11:53:42.023300
quick_sort,16,reverse_case,2.3184548599999745e-05,1,2020-11-30 11:53:43.197696
quick_sort,16,reverse_case,2.453874679999899e-05,2,2020-11-30 11:53:43.197998
quick_sort,16,reverse_case,2.549520999999686e-05,3,2020-11-30 11:53:43.198090
numpy_sort,16,reverse_case,1.3650359499999354e-05,1,2020-11-30 11:53:44.520422
numpy_sort,16,reverse_case,1.2872761300002366e-05,2,2020-11-30 11:53:44.520684
numpy_sort,16,reverse_case,1.313549375000207e-05,3,2020-11-30 11:53:44.520760
python_sort,16,reverse_case,1.6924462950001385e-06,1,2020-11-30 11:53:46.215344
python_sort,16,reverse_case,1.7193561499999532e-06,2,2020-11-30 11:53:46.215672
python_sort,16,reverse_case,1.871165579999854e-06,3,2020-11-30 11:53:46.215796
insertion_sort,16,reverse_case,3.982493490000252e-05,1,2020-11-30 11:53:48.366818
insertion_sort,16,reverse_case,5.219694399999639e-05,2,2020-11-30 11:53:48.367120
insertion_sort,16,reverse_case,4.75274407000029e-05,3,2020-11-30 11:53:48.367299
bubble_sort,16,reverse_case,0.00011362433900001179,1,2020-11-30 11:53:49.469775
bubble_sort,16,reverse_case,0.00010276285249997841,2,2020-11-30 11:53:49.470096
bubble_sort,16,reverse_case,0.00010780576749999681,3,2020-11-30 11:53:49.470174
merge_sort,32,reverse_case,0.00017397678350002365,1,2020-11-30 11:53:51.193790
merge_sort,32,reverse_case,0.00018426765949999436,2,2020-11-30 11:53:51.194240
merge_sort,32,reverse_case,0.00017923160199998734,3,2020-11-30 11:53:51.194371
combined_sort,32,reverse_case,0.00021180906950002054,1,2020-11-30 11:53:53.056402
combined_sort,32,reverse_case,0.00021078833400000008,2,2020-11-30 11:53:53.056721
combined_sort,32,reverse_case,0.00017895597149998821,3,2020-11-30 11:53:53.056802
quick_sort,32,reverse_case,0.00010554246850000481,1,2020-11-30 11:53:54.038519
quick_sort,32,reverse_case,0.00010031752150001694,2,2020-11-30 11:53:54.038933
quick_sort,32,reverse_case,0.00010506511149998233,3,2020-11-30 11:53:54.039092
numpy_sort,32,reverse_case,3.0356913500003203e-05,1,2020-11-30 11:53:55.470498
numpy_sort,32,reverse_case,2.4416769599997677e-05,2,2020-11-30 11:53:55.470860
numpy_sort,32,reverse_case,3.0406538799996952e-05,3,2020-11-30 11:53:55.471020
python_sort,32,reverse_case,4.3192164999993565e-06,1,2020-11-30 11:53:56.478369
python_sort,32,reverse_case,3.992838960000427e-06,2,2020-11-30 11:53:56.478643
python_sort,32,reverse_case,4.796956860000137e-06,3,2020-11-30 11:53:56.478732
insertion_sort,32,reverse_case,0.0002452670184999874,1,2020-11-30 11:53:58.352618
insertion_sort,32,reverse_case,0.00018720674249999547,2,2020-11-30 11:53:58.352949
insertion_sort,32,reverse_case,0.00020301434050000466,3,2020-11-30 11:53:58.353058
bubble_sort,32,reverse_case,0.00034711465999998835,1,2020-11-30 11:54:00.213747
bubble_sort,32,reverse_case,0.0003673422200000118,2,2020-11-30 11:54:00.214132
bubble_sort,32,reverse_case,0.0004226505199999906,3,2020-11-30 11:54:00.214262
merge_sort,64,reverse_case,0.00033281822300000385,1,2020-11-30 11:54:01.841199
merge_sort,64,reverse_case,0.0003559285730000283,2,2020-11-30 11:54:01.841552
merge_sort,64,reverse_case,0.00031071639100002814,3,2020-11-30 11:54:01.841665
combined_sort,64,reverse_case,0.0003087507980000055,1,2020-11-30 11:54:03.553105
combined_sort,64,reverse_case,0.00039544805500003123,2,2020-11-30 11:54:03.554055
combined_sort,64,reverse_case,0.00036949773700001743,3,2020-11-30 11:54:03.554288
quick_sort,64,reverse_case,0.00018057408399999985,1,2020-11-30 11:54:04.397848
quick_sort,64,reverse_case,0.0001234914110000318,2,2020-11-30 11:54:04.398307
quick_sort,64,reverse_case,0.00014964058399999657,3,2020-11-30 11:54:04.398434
numpy_sort,64,reverse_case,2.152445349999539e-05,1,2020-11-30 11:54:05.571654
numpy_sort,64,reverse_case,2.1195439500002065e-05,2,2020-11-30 11:54:05.572247
numpy_sort,64,reverse_case,2.7207258499998942e-05,3,2020-11-30 11:54:05.572363
python_sort,64,reverse_case,4.456357919999618e-06,1,2020-11-30 11:54:06.720662
python_sort,64,reverse_case,3.995787479999535e-06,2,2020-11-30 11:54:06.720953
python_sort,64,reverse_case,4.262293379999847e-06,3,2020-11-30 11:54:06.721059
insertion_sort,64,reverse_case,0.0005646877179999592,1,2020-11-30 11:54:08.150646
insertion_sort,64,reverse_case,0.0005970359199999393,2,2020-11-30 11:54:08.150957
insertion_sort,64,reverse_case,0.0006424275179999768,3,2020-11-30 11:54:08.151071
bubble_sort,64,reverse_case,0.0018870183650000173,1,2020-11-30 11:54:09.705289
bubble_sort,64,reverse_case,0.0014572553650000941,2,2020-11-30 11:54:09.705587
bubble_sort,64,reverse_case,0.0013840760800002273,3,2020-11-30 11:54:09.705663
merge_sort,128,reverse_case,0.0006069231000000173,1,2020-11-30 11:54:11.197185
merge_sort,128,reverse_case,0.0006215125360000684,2,2020-11-30 11:54:11.197519
merge_sort,128,reverse_case,0.0007007734960000107,3,2020-11-30 11:54:11.197655
combined_sort,128,reverse_case,0.0007147571400000743,1,2020-11-30 11:54:12.892730
combined_sort,128,reverse_case,0.0007811381899999788,2,2020-11-30 11:54:12.893021
combined_sort,128,reverse_case,0.0006234921280000663,3,2020-11-30 11:54:12.893099
quick_sort,128,reverse_case,0.00027299000700003263,1,2020-11-30 11:54:14.266632
quick_sort,128,reverse_case,0.0002726818630000025,2,2020-11-30 11:54:14.266902
quick_sort,128,reverse_case,0.00027248679100000574,3,2020-11-30 11:54:14.267036
numpy_sort,128,reverse_case,3.1250958599997605e-05,1,2020-11-30 11:54:15.744197
numpy_sort,128,reverse_case,2.9746609299996863e-05,2,2020-11-30 11:54:15.744461
numpy_sort,128,reverse_case,2.9777485100004243e-05,3,2020-11-30 11:54:15.744546
python_sort,128,reverse_case,7.2573739400013435e-06,1,2020-11-30 11:54:17.495560
python_sort,128,reverse_case,7.5864401000012546e-06,2,2020-11-30 11:54:17.495855
python_sort,128,reverse_case,7.287681620000512e-06,3,2020-11-30 11:54:17.495950
insertion_sort,128,reverse_case,0.002157010099999752,1,2020-11-30 11:54:18.545961
insertion_sort,128,reverse_case,0.002147900559999698,2,2020-11-30 11:54:18.546147
insertion_sort,128,reverse_case,0.002149361129999079,3,2020-11-30 11:54:18.546222
bubble_sort,128,reverse_case,0.006134128599999258,1,2020-11-30 11:54:19.845695
bubble_sort,128,reverse_case,0.005479355060001581,2,2020-11-30 11:54:19.846082
bubble_sort,128,reverse_case,0.005175927420000334,3,2020-11-30 11:54:19.846178
merge_sort,256,reverse_case,0.0011257393799996862,1,2020-11-30 11:54:20.963423
merge_sort,256,reverse_case,0.0011260952650002309,2,2020-11-30 11:54:20.963690
merge_sort,256,reverse_case,0.0011246214749996853,3,2020-11-30 11:54:20.963773
combined_sort,256,reverse_case,0.0011313416899997718,1,2020-11-30 11:54:22.080623
combined_sort,256,reverse_case,0.0011311601049999354,2,2020-11-30 11:54:22.080757
combined_sort,256,reverse_case,0.0011312381300001562,3,2020-11-30 11:54:22.080840
quick_sort,256,reverse_case,0.0006151431019998199,1,2020-11-30 11:54:23.576105
quick_sort,256,reverse_case,0.0006626692780000667,2,2020-11-30 11:54:23.576397
quick_sort,256,reverse_case,0.0006224369259998639,3,2020-11-30 11:54:23.576481
numpy_sort,256,reverse_case,4.8425393000002256e-05,1,2020-11-30 11:54:24.738275
numpy_sort,256,reverse_case,4.844603060000736e-05,2,2020-11-30 11:54:24.738530
numpy_sort,256,reverse_case,4.9253254400014154e-05,3,2020-11-30 11:54:24.738607
python_sort,256,reverse_case,1.3307700749999185e-05,1,2020-11-30 11:54:26.077691
python_sort,256,reverse_case,1.3307867549997354e-05,2,2020-11-30 11:54:26.077949
python_sort,256,reverse_case,1.3367499499997847e-05,3,2020-11-30 11:54:26.078051
insertion_sort,256,reverse_case,0.008487853920000817,1,2020-11-30 11:54:28.111844
insertion_sort,256,reverse_case,0.00849646109999867,2,2020-11-30 11:54:28.112147
insertion_sort,256,reverse_case,0.008716330019999531,3,2020-11-30 11:54:28.112232
bubble_sort,256,reverse_case,0.020651537900005224,1,2020-11-30 11:54:29.104929
bubble_sort,256,reverse_case,0.02059532669999271,2,2020-11-30 11:54:29.105180
bubble_sort,256,reverse_case,0.020627244799993606,3,2020-11-30 11:54:29.105256
merge_sort,512,reverse_case,0.0024346527699992747,1,2020-11-30 11:54:30.307517
merge_sort,512,reverse_case,0.0025901323599998704,2,2020-11-30 11:54:30.307788
merge_sort,512,reverse_case,0.0024184306600000126,3,2020-11-30 11:54:30.307872
combined_sort,512,reverse_case,0.0026085305599997353,1,2020-11-30 11:54:31.564046
combined_sort,512,reverse_case,0.002546560350000391,2,2020-11-30 11:54:31.564266
combined_sort,512,reverse_case,0.00255061822000016,3,2020-11-30 11:54:31.564342
quick_sort,512,reverse_case,0.001366116930000203,1,2020-11-30 11:54:32.959791
quick_sort,512,reverse_case,0.0014960649400001102,2,2020-11-30 11:54:32.960180
quick_sort,512,reverse_case,0.0014744536999995717,3,2020-11-30 11:54:32.960267
numpy_sort,512,reverse_case,8.642715000000862e-05,1,2020-11-30 11:54:35.057052
numpy_sort,512,reverse_case,8.627409819998775e-05,2,2020-11-30 11:54:35.057331
numpy_sort,512,reverse_case,9.043709719999243e-05,3,2020-11-30 11:54:35.057408
python_sort,512,reverse_case,2.59030867999968e-05,1,2020-11-30 11:54:36.322596
python_sort,512,reverse_case,2.5859992200003033e-05,2,2020-11-30 11:54:36.322727
python_sort,512,reverse_case,2.587652980000712e-05,3,2020-11-30 11:54:36.322803
insertion_sort,512,reverse_case,0.035770823500001825,1,2020-11-30 11:54:38.040186
insertion_sort,512,reverse_case,0.03593742089999523,2,2020-11-30 11:54:38.040415
insertion_sort,512,reverse_case,0.035945828800004166,3,2020-11-30 11:54:38.040499
bubble_sort,512,reverse_case,0.08558840919999966,1,2020-11-30 11:54:40.026446
bubble_sort,512,reverse_case,0.08635255359999974,2,2020-11-30 11:54:40.026739
bubble_sort,512,reverse_case,0.0878755324000167,3,2020-11-30 11:54:40.026860
merge_sort,1024,reverse_case,0.005308503759999894,1,2020-11-30 11:54:41.287843
merge_sort,1024,reverse_case,0.005290052759999071,2,2020-11-30 11:54:41.288010
merge_sort,1024,reverse_case,0.005272880960001202,3,2020-11-30 11:54:41.288095
combined_sort,1024,reverse_case,0.00585819354000023,1,2020-11-30 11:54:42.658482
combined_sort,1024,reverse_case,0.005776617220001299,2,2020-11-30 11:54:42.658748
combined_sort,1024,reverse_case,0.005686965439999767,3,2020-11-30 11:54:42.658823
quick_sort,1024,reverse_case,0.003010691230000475,1,2020-11-30 11:54:44.128732
quick_sort,1024,reverse_case,0.0030049002099997325,2,2020-11-30 11:54:44.128993
quick_sort,1024,reverse_case,0.0030002834399999755,3,2020-11-30 11:54:44.129079
numpy_sort,1024,reverse_case,0.00016417946400002848,1,2020-11-30 11:54:45.746466
numpy_sort,1024,reverse_case,0.0001623430164999604,2,2020-11-30 11:54:45.746705
numpy_sort,1024,reverse_case,0.00016598890199998094,3,2020-11-30 11:54:45.746789
python_sort,1024,reverse_case,5.199797279999529e-05,1,2020-11-30 11:54:46.989885
python_sort,1024,reverse_case,5.206930879999163e-05,2,2020-11-30 11:54:46.990031
python_sort,1024,reverse_case,5.1955215799989674e-05,3,2020-11-30 11:54:46.992162
insertion_sort,1024,reverse_case,0.15052359449998676,1,2020-11-30 11:54:48.346729
insertion_sort,1024,reverse_case,0.15033414550003954,2,2020-11-30 11:54:48.346968
insertion_sort,1024,reverse_case,0.15073642200002269,3,2020-11-30 11:54:48.347109
bubble_sort,1024,reverse_case,0.4665673350000361,1,2020-11-30 11:54:50.003078
bubble_sort,1024,reverse_case,0.40743863900002,2,2020-11-30 11:54:50.003390
bubble_sort,1024,reverse_case,0.4006595829999924,3,2020-11-30 11:54:50.003465
merge_sort,2048,reverse_case,0.012503067850002481,1,2020-11-30 11:54:51.212556
merge_sort,2048,reverse_case,0.012264418249998243,2,2020-11-30 11:54:51.212826
merge_sort,2048,reverse_case,0.01189766244999646,3,2020-11-30 11:54:51.212909
combined_sort,2048,reverse_case,0.017659523049997006,1,2020-11-30 11:54:52.594149
combined_sort,2048,reverse_case,0.013383736499997667,2,2020-11-30 11:54:52.594404
combined_sort,2048,reverse_case,0.012328604399999676,3,2020-11-30 11:54:52.594505
quick_sort,2048,reverse_case,0.006663459999999759,1,2020-11-30 11:54:54.183082
quick_sort,2048,reverse_case,0.006703130639998563,2,2020-11-30 11:54:54.183358
quick_sort,2048,reverse_case,0.006696360980001827,3,2020-11-30 11:54:54.183471
numpy_sort,2048,reverse_case,0.00032753084899991337,1,2020-11-30 11:54:55.786143
numpy_sort,2048,reverse_case,0.00032323693599994386,2,2020-11-30 11:54:55.786415
numpy_sort,2048,reverse_case,0.0003254856279999103,3,2020-11-30 11:54:55.786500
python_sort,2048,reverse_case,0.00011156325150000157,1,2020-11-30 11:54:56.888854
python_sort,2048,reverse_case,0.000111767529500014,2,2020-11-30 11:54:56.889136
python_sort,2048,reverse_case,0.00011087365299999874,3,2020-11-30 11:54:56.889212
insertion_sort,2048,reverse_case,0.6282363499999519,1,2020-11-30 11:54:59.402695
insertion_sort,2048,reverse_case,0.6335182520000444,2,2020-11-30 11:54:59.403004
insertion_sort,2048,reverse_case,0.6296816110000236,3,2020-11-30 11:54:59.403096
bubble_sort,2048,reverse_case,1.4280000080000264,1,2020-11-30 11:55:05.273381
bubble_sort,2048,reverse_case,1.5072995220000394,2,2020-11-30 11:55:05.273673
bubble_sort,2048,reverse_case,1.5046244500000512,3,2020-11-30 11:55:05.273758
merge_sort,4096,reverse_case,0.025726231500004814,1,2020-11-30 11:55:06.499495
merge_sort,4096,reverse_case,0.02529626760000383,2,2020-11-30 11:55:06.499758
merge_sort,4096,reverse_case,0.02530151979999573,3,2020-11-30 11:55:06.499843
combined_sort,4096,reverse_case,0.0270893602000001,1,2020-11-30 11:55:07.840779
combined_sort,4096,reverse_case,0.027129244000002474,2,2020-11-30 11:55:07.841170
combined_sort,4096,reverse_case,0.02723390209999934,3,2020-11-30 11:55:07.841248
quick_sort,4096,reverse_case,0.014464711149997811,1,2020-11-30 11:55:09.264897
quick_sort,4096,reverse_case,0.014628634600001078,2,2020-11-30 11:55:09.265270
quick_sort,4096,reverse_case,0.014536468300002525,3,2020-11-30 11:55:09.265374
numpy_sort,4096,reverse_case,0.0006793386639999426,1,2020-11-30 11:55:10.834544
numpy_sort,4096,reverse_case,0.0006414529419998871,2,2020-11-30 11:55:10.834810
numpy_sort,4096,reverse_case,0.0006613839280000775,3,2020-11-30 11:55:10.834885
python_sort,4096,reverse_case,0.0002218106689999786,1,2020-11-30 11:55:11.922694
python_sort,4096,reverse_case,0.00022347328900002594,2,2020-11-30 11:55:11.922966
python_sort,4096,reverse_case,0.00022281953800006705,3,2020-11-30 11:55:11.923067
insertion_sort,4096,reverse_case,2.577577066999993,1,2020-11-30 11:55:22.228913
insertion_sort,4096,reverse_case,2.5630184860000327,2,2020-11-30 11:55:22.229203
insertion_sort,4096,reverse_case,2.5963083740000457,3,2020-11-30 11:55:22.229278
bubble_sort,4096,reverse_case,5.999538852000001,1,2020-11-30 11:55:47.549903
bubble_sort,4096,reverse_case,6.435233806000042,2,2020-11-30 11:55:47.550223
bubble_sort,4096,reverse_case,6.957981571999994,3,2020-11-30 11:55:47.550299
merge_sort,8192,reverse_case,0.05352489599999899,1,2020-11-30 11:55:48.788353
merge_sort,8192,reverse_case,0.05362462499999765,2,2020-11-30 11:55:48.788603
merge_sort,8192,reverse_case,0.05352002380000158,3,2020-11-30 11:55:48.788679
combined_sort,8192,reverse_case,0.05602126539999972,1,2020-11-30 11:55:50.086817
combined_sort,8192,reverse_case,0.0559232904000055,2,2020-11-30 11:55:50.087221
combined_sort,8192,reverse_case,0.05724311659998875,3,2020-11-30 11:55:50.087330
quick_sort,8192,reverse_case,0.031413386199994876,1,2020-11-30 11:55:51.624874
quick_sort,8192,reverse_case,0.03131737680000697,2,2020-11-30 11:55:51.625158
quick_sort,8192,reverse_case,0.03136261789999253,3,2020-11-30 11:55:51.625243
numpy_sort,8192,reverse_case,0.0013850748350000685,1,2020-11-30 11:55:52.992936
numpy_sort,8192,reverse_case,0.0013801933650000819,2,2020-11-30 11:55:52.993130
numpy_sort,8192,reverse_case,0.001381017330000418,3,2020-11-30 11:55:52.993215
python_sort,8192,reverse_case,0.0004869285019999552,1,2020-11-30 11:55:54.158146
python_sort,8192,reverse_case,0.00048811513000009653,2,2020-11-30 11:55:54.158338
python_sort,8192,reverse_case,0.0004874290480001946,3,2020-11-30 11:55:54.158414
insertion_sort,8192,reverse_case,11.497626961000037,1,2020-11-30 11:56:36.436080
insertion_sort,8192,reverse_case,10.325966290999986,2,2020-11-30 11:56:36.436368
insertion_sort,8192,reverse_case,10.284365211000022,3,2020-11-30 11:56:36.436444
bubble_sort,8192,reverse_case,23.390055986999982,1,2020-11-30 11:58:12.055203
bubble_sort,8192,reverse_case,23.30639577599993,2,2020-11-30 11:58:12.055503
bubble_sort,8192,reverse_case,23.280828403999976,3,2020-11-30 11:58:12.055588
merge_sort,16384,reverse_case,0.11675397649997876,1,2020-11-30 11:58:13.118499
merge_sort,16384,reverse_case,0.11658173299997543,2,2020-11-30 11:58:13.118748
merge_sort,16384,reverse_case,0.11678840050001327,3,2020-11-30 11:58:13.118824
combined_sort,16384,reverse_case,0.12349314499999764,1,2020-11-30 11:58:14.233549
combined_sort,16384,reverse_case,0.12379109649998554,2,2020-11-30 11:58:14.233740
combined_sort,16384,reverse_case,0.12391983899999559,3,2020-11-30 11:58:14.233816
quick_sort,16384,reverse_case,0.07079913800000667,1,2020-11-30 11:58:15.832616
quick_sort,16384,reverse_case,0.06800969899998108,2,2020-11-30 11:58:15.832902
quick_sort,16384,reverse_case,0.07187350959998184,3,2020-11-30 11:58:15.832999
numpy_sort,16384,reverse_case,0.002923084290000588,1,2020-11-30 11:58:17.260103
numpy_sort,16384,reverse_case,0.0029202726099993013,2,2020-11-30 11:58:17.260263
numpy_sort,16384,reverse_case,0.002926171980000163,3,2020-11-30 11:58:17.262634
python_sort,16384,reverse_case,0.0010295598350001,1,2020-11-30 11:58:18.284840
python_sort,16384,reverse_case,0.0010319895449998739,2,2020-11-30 11:58:18.285061
python_sort,16384,reverse_case,0.0010336989299997868,3,2020-11-30 11:58:18.285137
insertion_sort,16384,reverse_case,42.327609894000034,1,2020-11-30 12:01:06.832509
insertion_sort,16384,reverse_case,42.08793593200005,2,2020-11-30 12:01:06.833022
insertion_sort,16384,reverse_case,42.105539878999934,3,2020-11-30 12:01:06.833100
bubble_sort,16384,reverse_case,93.0918536239999,1,2020-11-30 12:07:30.445804
bubble_sort,16384,reverse_case,98.89981279300014,2,2020-11-30 12:07:30.446108
bubble_sort,16384,reverse_case,98.63036806200012,3,2020-11-30 12:07:30.446193
merge_sort,16,random_case,8.670340779999606e-05,1,2020-11-30 12:07:32.525818
merge_sort,16,random_case,8.729693699997369e-05,2,2020-11-30 12:07:32.526009
merge_sort,16,random_case,8.718726040001457e-05,3,2020-11-30 12:07:32.526087
combined_sort,16,random_case,7.478374740003346e-05,1,2020-11-30 12:07:34.304973
combined_sort,16,random_case,7.418353000002753e-05,2,2020-11-30 12:07:34.305133
combined_sort,16,random_case,7.406882639998002e-05,3,2020-11-30 12:07:34.305217
quick_sort,16,random_case,4.0574944599984516e-05,1,2020-11-30 12:07:35.276798
quick_sort,16,random_case,4.122380100002374e-05,2,2020-11-30 12:07:35.277069
quick_sort,16,random_case,4.041520860000673e-05,3,2020-11-30 12:07:35.277155
numpy_sort,16,random_case,7.984912540000551e-06,1,2020-11-30 12:07:37.178623
numpy_sort,16,random_case,7.93513019999864e-06,2,2020-11-30 12:07:37.178810
numpy_sort,16,random_case,7.946508979998725e-06,3,2020-11-30 12:07:37.178895
python_sort,16,random_case,8.884707199999867e-06,1,2020-11-30 12:07:39.289414
python_sort,16,random_case,8.813033599999472e-06,2,2020-11-30 12:07:39.289578
python_sort,16,random_case,8.800731020000967e-06,3,2020-11-30 12:07:39.289654
insertion_sort,16,random_case,5.3773318800040215e-05,1,2020-11-30 12:07:40.551370
insertion_sort,16,random_case,5.252128619999894e-05,2,2020-11-30 12:07:40.551639
insertion_sort,16,random_case,5.256582819997675e-05,3,2020-11-30 12:07:40.551729
bubble_sort,16,random_case,0.00017222208850000697,1,2020-11-30 12:07:42.280418
bubble_sort,16,random_case,0.00017657010250002257,2,2020-11-30 12:07:42.280537
bubble_sort,16,random_case,0.00017619123550002768,3,2020-11-30 12:07:42.283055
merge_sort,32,random_case,0.00019301045350005096,1,2020-11-30 12:07:44.218046
merge_sort,32,random_case,0.0001965048624999781,2,2020-11-30 12:07:44.218215
merge_sort,32,random_case,0.00019619144700004653,3,2020-11-30 12:07:44.218299
combined_sort,32,random_case,0.00018082270349998453,1,2020-11-30 12:07:46.003255
combined_sort,32,random_case,0.00018099105550004423,2,2020-11-30 12:07:46.003497
combined_sort,32,random_case,0.00018209541049998279,3,2020-11-30 12:07:46.003581
quick_sort,32,random_case,8.86047444000269e-05,1,2020-11-30 12:07:48.118339
quick_sort,32,random_case,8.83906069999739e-05,2,2020-11-30 12:07:48.118470
quick_sort,32,random_case,8.861355899998671e-05,3,2020-11-30 12:07:48.120872
numpy_sort,32,random_case,8.497652480000397e-06,1,2020-11-30 12:07:50.147595
numpy_sort,32,random_case,8.438782480002374e-06,2,2020-11-30 12:07:50.147854
numpy_sort,32,random_case,8.534409240000969e-06,3,2020-11-30 12:07:50.147938
python_sort,32,random_case,1.446259800000007e-05,1,2020-11-30 12:07:51.580877
python_sort,32,random_case,1.4501785799996015e-05,2,2020-11-30 12:07:51.581088
python_sort,32,random_case,1.449448289999964e-05,3,2020-11-30 12:07:51.581179
insertion_sort,32,random_case,0.00022710391000009623,1,2020-11-30 12:07:52.689444
insertion_sort,32,random_case,0.00022598782199997913,2,2020-11-30 12:07:52.689558
insertion_sort,32,random_case,0.00022623701899988192,3,2020-11-30 12:07:52.689634
bubble_sort,32,random_case,0.0007030149660004099,1,2020-11-30 12:07:54.412878
bubble_sort,32,random_case,0.0007438954899998862,2,2020-11-30 12:07:54.413054
bubble_sort,32,random_case,0.000744189539999752,3,2020-11-30 12:07:54.413139
merge_sort,64,random_case,0.0004426065339998786,1,2020-11-30 12:07:55.467483
merge_sort,64,random_case,0.00044537099799981663,2,2020-11-30 12:07:55.467750
merge_sort,64,random_case,0.00044549893800012794,3,2020-11-30 12:07:55.467826
combined_sort,64,random_case,0.0004074109859998316,1,2020-11-30 12:07:56.438710
combined_sort,64,random_case,0.0004045179479999206,2,2020-11-30 12:07:56.438820
combined_sort,64,random_case,0.0004057249560000855,3,2020-11-30 12:07:56.438923
quick_sort,64,random_case,0.00016658394699993551,1,2020-11-30 12:07:58.086695
quick_sort,64,random_case,0.00016651508899997224,2,2020-11-30 12:07:58.086803
quick_sort,64,random_case,0.00016703411000003142,3,2020-11-30 12:07:58.086887
numpy_sort,64,random_case,9.021774119996735e-06,1,2020-11-30 12:08:00.250060
numpy_sort,64,random_case,8.959556859999793e-06,2,2020-11-30 12:08:00.250309
numpy_sort,64,random_case,9.216153060001488e-06,3,2020-11-30 12:08:00.250385
python_sort,64,random_case,2.826191100000415e-05,1,2020-11-30 12:08:01.627092
python_sort,64,random_case,2.807943709999563e-05,2,2020-11-30 12:08:01.627255
python_sort,64,random_case,2.8089477700018507e-05,3,2020-11-30 12:08:01.627340
insertion_sort,64,random_case,0.0007100925019999522,1,2020-11-30 12:08:03.327591
insertion_sort,64,random_case,0.0007139619479999055,2,2020-11-30 12:08:03.327749
insertion_sort,64,random_case,0.0007132147920001444,3,2020-11-30 12:08:03.327825
bubble_sort,64,random_case,0.0027720697400013703,1,2020-11-30 12:08:04.674061
bubble_sort,64,random_case,0.0027540398299993286,2,2020-11-30 12:08:04.674206
bubble_sort,64,random_case,0.0027503877700019077,3,2020-11-30 12:08:04.674282
merge_sort,128,random_case,0.0009788150800000039,1,2020-11-30 12:08:05.639535
merge_sort,128,random_case,0.0009604894100004913,2,2020-11-30 12:08:05.639814
merge_sort,128,random_case,0.0009617613499995059,3,2020-11-30 12:08:05.642451
combined_sort,128,random_case,0.0009243078760000572,1,2020-11-30 12:08:07.862378
combined_sort,128,random_case,0.0009369962199998554,2,2020-11-30 12:08:07.862571
combined_sort,128,random_case,0.0009385834360000444,3,2020-11-30 12:08:07.862646
quick_sort,128,random_case,0.0003846312609998677,1,2020-11-30 12:08:09.744240
quick_sort,128,random_case,0.000384740420000071,2,2020-11-30 12:08:09.744412
quick_sort,128,random_case,0.0003847801589997744,3,2020-11-30 12:08:09.744497
numpy_sort,128,random_case,1.1105156549990625e-05,1,2020-11-30 12:08:10.861083
numpy_sort,128,random_case,1.1061664900000778e-05,2,2020-11-30 12:08:10.861355
numpy_sort,128,random_case,1.105631644999221e-05,3,2020-11-30 12:08:10.863742
python_sort,128,random_case,5.8075666200011256e-05,1,2020-11-30 12:08:12.255044
python_sort,128,random_case,5.8245045400008164e-05,2,2020-11-30 12:08:12.255157
python_sort,128,random_case,5.824271299998145e-05,3,2020-11-30 12:08:12.255234
insertion_sort,128,random_case,0.00293459385999995,1,2020-11-30 12:08:13.689670
insertion_sort,128,random_case,0.002950025459999779,2,2020-11-30 12:08:13.689859
insertion_sort,128,random_case,0.002933876690001398,3,2020-11-30 12:08:13.689944
bubble_sort,128,random_case,0.010913853499994275,1,2020-11-30 12:08:14.755576
bubble_sort,128,random_case,0.010792935099993883,2,2020-11-30 12:08:14.755702
bubble_sort,128,random_case,0.010779325850000987,3,2020-11-30 12:08:14.755786
merge_sort,256,random_case,0.0021411020899995492,1,2020-11-30 12:08:15.813907
merge_sort,256,random_case,0.002106899349998912,2,2020-11-30 12:08:15.814187
merge_sort,256,random_case,0.00210818646000007,3,2020-11-30 12:08:15.814264
combined_sort,256,random_case,0.0020599847900007262,1,2020-11-30 12:08:16.819968
combined_sort,256,random_case,0.002055939980000403,2,2020-11-30 12:08:16.820095
combined_sort,256,random_case,0.0020622958800004198,3,2020-11-30 12:08:16.822518
quick_sort,256,random_case,0.0008333227879998049,1,2020-11-30 12:08:18.811974
quick_sort,256,random_case,0.0008333285759999854,2,2020-11-30 12:08:18.812156
quick_sort,256,random_case,0.0008322018940002635,3,2020-11-30 12:08:18.812232
numpy_sort,256,random_case,1.7592531349998808e-05,1,2020-11-30 12:08:20.572742
numpy_sort,256,random_case,1.8491020950000347e-05,2,2020-11-30 12:08:20.573102
numpy_sort,256,random_case,1.7709524049996617e-05,3,2020-11-30 12:08:20.573186
python_sort,256,random_case,0.0001213069774998985,1,2020-11-30 12:08:21.774599
python_sort,256,random_case,0.00012129620400003205,2,2020-11-30 12:08:21.774699
python_sort,256,random_case,0.00012141042799999014,3,2020-11-30 12:08:21.774802
insertion_sort,256,random_case,0.011718015899998591,1,2020-11-30 12:08:22.924113
insertion_sort,256,random_case,0.011731745700001284,2,2020-11-30 12:08:22.924226
insertion_sort,256,random_case,0.011718311750007615,3,2020-11-30 12:08:22.924309
bubble_sort,256,random_case,0.043904889999976146,1,2020-11-30 12:08:23.927001
bubble_sort,256,random_case,0.04305085099999815,2,2020-11-30 12:08:23.927161
bubble_sort,256,random_case,0.04312200800000028,3,2020-11-30 12:08:23.927236
merge_sort,512,random_case,0.004713879659998383,1,2020-11-30 12:08:25.044881
merge_sort,512,random_case,0.004614611940000941,2,2020-11-30 12:08:25.045170
merge_sort,512,random_case,0.004720333040004334,3,2020-11-30 12:08:25.045247
combined_sort,512,random_case,0.004628864620003697,1,2020-11-30 12:08:26.147567
combined_sort,512,random_case,0.004639599380002437,2,2020-11-30 12:08:26.147801
combined_sort,512,random_case,0.004640945520000059,3,2020-11-30 12:08:26.147878
quick_sort,512,random_case,0.0021283863999997264,1,2020-11-30 12:08:27.187666
quick_sort,512,random_case,0.002131169030001274,2,2020-11-30 12:08:27.187772
quick_sort,512,random_case,0.0021299306099990646,3,2020-11-30 12:08:27.187855
numpy_sort,512,random_case,3.452427380000245e-05,1,2020-11-30 12:08:28.871334
numpy_sort,512,random_case,3.433237940000709e-05,2,2020-11-30 12:08:28.871495
numpy_sort,512,random_case,3.4198478400003294e-05,3,2020-11-30 12:08:28.873926
python_sort,512,random_case,0.00026016977699987366,1,2020-11-30 12:08:30.151663
python_sort,512,random_case,0.00026021691899995856,2,2020-11-30 12:08:30.151938
python_sort,512,random_case,0.00026514132300007985,3,2020-11-30 12:08:30.152037
insertion_sort,512,random_case,0.04939164879997406,1,2020-11-30 12:08:31.297915
insertion_sort,512,random_case,0.05024909320000006,2,2020-11-30 12:08:31.298045
insertion_sort,512,random_case,0.050049203999969906,3,2020-11-30 12:08:31.298119
bubble_sort,512,random_case,0.18496296050000183,1,2020-11-30 12:08:32.962618
bubble_sort,512,random_case,0.18453335899994272,2,2020-11-30 12:08:32.962752
bubble_sort,512,random_case,0.1851880850000498,3,2020-11-30 12:08:32.962827
merge_sort,1024,random_case,0.010461945800000195,1,2020-11-30 12:08:33.988507
merge_sort,1024,random_case,0.010413244150004174,2,2020-11-30 12:08:33.988756
merge_sort,1024,random_case,0.010445461849997173,3,2020-11-30 12:08:33.990418
combined_sort,1024,random_case,0.010208391800006211,1,2020-11-30 12:08:35.009828
combined_sort,1024,random_case,0.010214870050003811,2,2020-11-30 12:08:35.010118
combined_sort,1024,random_case,0.011096248649994322,3,2020-11-30 12:08:35.010194
quick_sort,1024,random_case,0.004567034159999821,1,2020-11-30 12:08:36.097446
quick_sort,1024,random_case,0.004566263679998883,2,2020-11-30 12:08:36.097563
quick_sort,1024,random_case,0.004566673859999355,3,2020-11-30 12:08:36.097639
numpy_sort,1024,random_case,6.975055319999229e-05,1,2020-11-30 12:08:37.760921
numpy_sort,1024,random_case,6.963938700000653e-05,2,2020-11-30 12:08:37.761054
numpy_sort,1024,random_case,6.961710919999859e-05,3,2020-11-30 12:08:37.761139
python_sort,1024,random_case,0.0005597334520002732,1,2020-11-30 12:08:39.098155
python_sort,1024,random_case,0.000558421719999842,2,2020-11-30 12:08:39.098310
python_sort,1024,random_case,0.0005605792979999932,3,2020-11-30 12:08:39.100719
insertion_sort,1024,random_case,0.20269554200001494,1,2020-11-30 12:08:40.884911
insertion_sort,1024,random_case,0.19826370099997348,2,2020-11-30 12:08:40.885191
insertion_sort,1024,random_case,0.19800061400007962,3,2020-11-30 12:08:40.885276
bubble_sort,1024,random_case,0.7506570279999778,1,2020-11-30 12:08:43.894755
bubble_sort,1024,random_case,0.754176052000048,2,2020-11-30 12:08:43.894984
bubble_sort,1024,random_case,0.7531621440000436,3,2020-11-30 12:08:43.895089
merge_sort,2048,random_case,0.02229364600000281,1,2020-11-30 12:08:44.964256
merge_sort,2048,random_case,0.022232798599998205,2,2020-11-30 12:08:44.965499
merge_sort,2048,random_case,0.022204301800002213,3,2020-11-30 12:08:44.965623
combined_sort,2048,random_case,0.022350786399988463,1,2020-11-30 12:08:46.065597
combined_sort,2048,random_case,0.022407854500011128,2,2020-11-30 12:08:46.065852
combined_sort,2048,random_case,0.022447848600018007,3,2020-11-30 12:08:46.065928
quick_sort,2048,random_case,0.008898014420001345,1,2020-11-30 12:08:48.183221
quick_sort,2048,random_case,0.008887379879997753,2,2020-11-30 12:08:48.183363
quick_sort,2048,random_case,0.008900871499999994,3,2020-11-30 12:08:48.183447
numpy_sort,2048,random_case,0.00014885877799997616,1,2020-11-30 12:08:49.653294
numpy_sort,2048,random_case,0.00014854117699997005,2,2020-11-30 12:08:49.653456
numpy_sort,2048,random_case,0.00014843622350008446,3,2020-11-30 12:08:49.653540
python_sort,2048,random_case,0.0012103217799995037,1,2020-11-30 12:08:50.857071
python_sort,2048,random_case,0.0012104835200000253,2,2020-11-30 12:08:50.857432
python_sort,2048,random_case,0.0012119883400009712,3,2020-11-30 12:08:50.859882
insertion_sort,2048,random_case,0.8290809279999394,1,2020-11-30 12:08:54.142076
insertion_sort,2048,random_case,0.8195869349999612,2,2020-11-30 12:08:54.142339
insertion_sort,2048,random_case,0.819549385000073,3,2020-11-30 12:08:54.142423
bubble_sort,2048,random_case,3.094783593000102,1,2020-11-30 12:09:06.468246
bubble_sort,2048,random_case,3.080870098999867,2,2020-11-30 12:09:06.468523
bubble_sort,2048,random_case,3.062575281999898,3,2020-11-30 12:09:06.468599
merge_sort,4096,random_case,0.04794847680000203,1,2020-11-30 12:09:07.570703
merge_sort,4096,random_case,0.04780206919999728,2,2020-11-30 12:09:07.570814
merge_sort,4096,random_case,0.047973384399983846,3,2020-11-30 12:09:07.570889
combined_sort,4096,random_case,0.04809793419999551,1,2020-11-30 12:09:08.675717
combined_sort,4096,random_case,0.04800079440001355,2,2020-11-30 12:09:08.675865
combined_sort,4096,random_case,0.04806321959999878,3,2020-11-30 12:09:08.675954
quick_sort,4096,random_case,0.02131516609999835,1,2020-11-30 12:09:09.699890
quick_sort,4096,random_case,0.021280265499990493,2,2020-11-30 12:09:09.700171
quick_sort,4096,random_case,0.021354297900006713,3,2020-11-30 12:09:09.700256
numpy_sort,4096,random_case,0.000316201670999817,1,2020-11-30 12:09:11.260143
numpy_sort,4096,random_case,0.00031657985099991495,2,2020-11-30 12:09:11.260404
numpy_sort,4096,random_case,0.0003185213900001145,3,2020-11-30 12:09:11.260481
python_sort,4096,random_case,0.002633006179999029,1,2020-11-30 12:09:12.546270
python_sort,4096,random_case,0.0026357609199999387,2,2020-11-30 12:09:12.546375
python_sort,4096,random_case,0.0026333071199996995,3,2020-11-30 12:09:12.546450
insertion_sort,4096,random_case,3.239151985999797,1,2020-11-30 12:09:25.643931
insertion_sort,4096,random_case,3.304073774000017,2,2020-11-30 12:09:25.644324
insertion_sort,4096,random_case,3.313157603999798,3,2020-11-30 12:09:25.644400
bubble_sort,4096,random_case,12.488850231000015,1,2020-11-30 12:10:16.526716
bubble_sort,4096,random_case,13.191048590000037,2,2020-11-30 12:10:16.527004
bubble_sort,4096,random_case,12.709279452000146,3,2020-11-30 12:10:16.527090
merge_sort,8192,random_case,0.10387297349996061,1,2020-11-30 12:10:17.460669
merge_sort,8192,random_case,0.10284675399998378,2,2020-11-30 12:10:17.460928
merge_sort,8192,random_case,0.10320032699996773,3,2020-11-30 12:10:17.461028
combined_sort,8192,random_case,0.10388065650010958,1,2020-11-30 12:10:18.399074
combined_sort,8192,random_case,0.10479501500003607,2,2020-11-30 12:10:18.399324
combined_sort,8192,random_case,0.10433071750003364,3,2020-11-30 12:10:18.399400
quick_sort,8192,random_case,0.046097258600002536,1,2020-11-30 12:10:19.465904
quick_sort,8192,random_case,0.04643927480001366,2,2020-11-30 12:10:19.466183
quick_sort,8192,random_case,0.046193387999983314,3,2020-11-30 12:10:19.466259
numpy_sort,8192,random_case,0.0006815235840003879,1,2020-11-30 12:10:21.096810
numpy_sort,8192,random_case,0.0006799019039999621,2,2020-11-30 12:10:21.097093
numpy_sort,8192,random_case,0.0006801952419996269,3,2020-11-30 12:10:21.099554
python_sort,8192,random_case,0.005665230519998659,1,2020-11-30 12:10:22.449014
python_sort,8192,random_case,0.00564811526000085,2,2020-11-30 12:10:22.449261
python_sort,8192,random_case,0.005672812420002628,3,2020-11-30 12:10:22.449346
insertion_sort,8192,random_case,12.787465660999942,1,2020-11-30 12:11:14.486478
insertion_sort,8192,random_case,13.26522442800001,2,2020-11-30 12:11:14.486991
insertion_sort,8192,random_case,13.1222015809999,3,2020-11-30 12:11:14.487087
bubble_sort,8192,random_case,49.72692728600009,1,2020-11-30 12:14:32.290788
bubble_sort,8192,random_case,48.89942515400003,2,2020-11-30 12:14:32.291078
bubble_sort,8192,random_case,49.29931275900003,3,2020-11-30 12:14:32.291155
merge_sort,16384,random_case,0.2188854219998575,1,2020-11-30 12:14:33.168341
merge_sort,16384,random_case,0.21957491600005596,2,2020-11-30 12:14:33.168472
merge_sort,16384,random_case,0.2187727850000556,3,2020-11-30 12:14:33.168555
combined_sort,16384,random_case,0.22145986600003198,1,2020-11-30 12:14:34.053699
combined_sort,16384,random_case,0.22159882200003267,2,2020-11-30 12:14:34.053863
combined_sort,16384,random_case,0.22160770599998614,3,2020-11-30 12:14:34.053946
quick_sort,16384,random_case,0.0991035611999905,1,2020-11-30 12:14:36.306315
quick_sort,16384,random_case,0.09748143460001302,2,2020-11-30 12:14:36.306570
quick_sort,16384,random_case,0.09762550279997413,3,2020-11-30 12:14:36.306646
numpy_sort,16384,random_case,0.001445610550000538,1,2020-11-30 12:14:37.733112
numpy_sort,16384,random_case,0.0014420523199999025,2,2020-11-30 12:14:37.733305
numpy_sort,16384,random_case,0.001443943560000207,3,2020-11-30 12:14:37.735695
python_sort,16384,random_case,0.012277328949994625,1,2020-11-30 12:14:38.941345
python_sort,16384,random_case,0.01222925079999868,2,2020-11-30 12:14:38.941556
python_sort,16384,random_case,0.01225120885000024,3,2020-11-30 12:14:38.941631
insertion_sort,16384,random_case,51.4832607740002,1,2020-11-30 12:18:07.190384
insertion_sort,16384,random_case,52.69541299299999,2,2020-11-30 12:18:07.190668
insertion_sort,16384,random_case,52.6218668869999,3,2020-11-30 12:18:07.190744
bubble_sort,16384,random_case,200.55101980200016,1,2020-11-30 12:31:22.599124
bubble_sort,16384,random_case,197.23934395700007,2,2020-11-30 12:31:22.599416
bubble_sort,16384,random_case,197.11397217000012,3,2020-11-30 12:31:22.599500
